{
  "version": 1,
  "author": "isuru deshapriya",
  "editor": "wokwi",
  "parts": [
    { "type": "wokwi-breadboard", "id": "bb1", "top": 64.2, "left": -765.2, "attrs": {} },
    { "type": "board-esp32-devkit-c-v4", "id": "esp", "top": -38.4, "left": -23.96, "attrs": {} },
    {
      "type": "board-ssd1306",
      "id": "oled1",
      "top": -35.26,
      "left": 163.43,
      "attrs": { "i2cAddress": "0x3c" }
    },
    {
      "type": "wokwi-led",
      "id": "led1",
      "top": 188.4,
      "left": 195.8,
      "attrs": { "color": "red" }
    },
    {
      "type": "wokwi-pushbutton",
      "id": "btn1",
      "top": 133.8,
      "left": -505.8,
      "rotate": 90,
      "attrs": { "color": "yellow", "xray": "1" }
    },
    {
      "type": "wokwi-pushbutton",
      "id": "btn2",
      "top": 133.8,
      "left": -611.4,
      "rotate": 90,
      "attrs": { "color": "red", "xray": "1" }
    },
    {
      "type": "wokwi-pushbutton",
      "id": "btn4",
      "top": 133.8,
      "left": -381,
      "rotate": 90,
      "attrs": { "color": "black", "xray": "1" }
    },
    {
      "type": "wokwi-buzzer",
      "id": "bz1",
      "top": 69.6,
      "left": 184.2,
      "attrs": { "volume": "0.1" }
    },
    {
      "type": "wokwi-dht22",
      "id": "dht1",
      "top": -210.9,
      "left": -82.2,
      "attrs": { "humidity": "69", "temperature": "28.1" }
    },
    {
      "type": "wokwi-pushbutton",
      "id": "btn3",
      "top": 133.8,
      "left": -275.4,
      "rotate": 90,
      "attrs": { "color": "grey", "xray": "1" }
    },
    {
      "type": "wokwi-text",
      "id": "text1",
      "top": 153.6,
      "left": -288,
      "attrs": { "text": "UP\n" }
    },
    {
      "type": "wokwi-text",
      "id": "text2",
      "top": 153.6,
      "left": -422.4,
      "attrs": { "text": "DOWN" }
    },
    {
      "type": "wokwi-text",
      "id": "text3",
      "top": 153.6,
      "left": -662.4,
      "attrs": { "text": "CANCEL\n" }
    },
    {
      "type": "wokwi-text",
      "id": "text4",
      "top": 153.6,
      "left": -518.4,
      "attrs": { "text": "OK" }
    },
    {
      "type": "wokwi-pushbutton",
      "id": "btn5",
      "top": 133.8,
      "left": -745.8,
      "rotate": 90,
      "attrs": { "color": "green", "xray": "1" }
    },
    {
      "type": "wokwi-resistor",
      "id": "r5",
      "top": 167.15,
      "left": 153.6,
      "attrs": { "value": "1000" }
    },
    {
      "type": "wokwi-text",
      "id": "text5",
      "top": 153.6,
      "left": -796.8,
      "attrs": { "text": "SNOOZE\n" }
    },
    {
      "type": "wokwi-resistor",
      "id": "r1",
      "top": 205.85,
      "left": -721.4,
      "rotate": 180,
      "attrs": { "value": "4700" }
    },
    {
      "type": "wokwi-resistor",
      "id": "r2",
      "top": 205.85,
      "left": -587,
      "rotate": 180,
      "attrs": { "value": "4700" }
    },
    {
      "type": "wokwi-resistor",
      "id": "r3",
      "top": 205.85,
      "left": -481.4,
      "rotate": 180,
      "attrs": { "value": "4700" }
    },
    {
      "type": "wokwi-resistor",
      "id": "r4",
      "top": 205.85,
      "left": -356.6,
      "rotate": 180,
      "attrs": { "value": "4700" }
    },
    {
      "type": "wokwi-resistor",
      "id": "r6",
      "top": 205.85,
      "left": -251,
      "rotate": 180,
      "attrs": { "value": "4700" }
    },
    {
      "type": "wokwi-led",
      "id": "led2",
      "top": 255.6,
      "left": 195.8,
      "attrs": { "color": "orange", "flip": "" }
    },
    {
      "type": "wokwi-resistor",
      "id": "r7",
      "top": 234.35,
      "left": 144,
      "attrs": { "value": "220" }
    },
    {
      "type": "wokwi-resistor",
      "id": "r8",
      "top": 301.55,
      "left": 144,
      "attrs": { "value": "220" }
    },
    {
      "type": "wokwi-photoresistor-sensor",
      "id": "ldr1",
      "top": -201.9,
      "left": -274.3,
      "rotate": 90,
      "attrs": {}
    },
    {
      "type": "wokwi-servo",
      "id": "servo1",
      "top": -221.8,
      "left": -372.6,
      "rotate": 270,
      "attrs": {}
    }
  ],
  "connections": [
    [ "esp:TX", "$serialMonitor:RX", "", [] ],
    [ "esp:RX", "$serialMonitor:TX", "", [] ],
    [ "esp:GND.2", "oled1:GND", "black", [ "h9.6", "v-48", "h115.2" ] ],
    [ "esp:3V3", "oled1:VCC", "red", [ "h-9.45", "v-67.2", "h239.85" ] ],
    [ "esp:22", "oled1:SCL", "blue", [ "h28.8", "v-105.6", "h114.9" ] ],
    [ "esp:21", "oled1:SDA", "magenta", [ "h38.4", "v-153.6", "h96" ] ],
    [ "dht1:VCC", "esp:3V3", "red", [ "v0" ] ],
    [ "esp:4", "dht1:SDA", "orange", [ "h48", "v-144", "h-182.5" ] ],
    [ "dht1:GND", "esp:GND.2", "black", [ "v38.4", "h124.8", "v48" ] ],
    [ "led1:C", "esp:GND.2", "black", [ "h-76.4", "v-288", "h-48", "v48" ] ],
    [ "esp:14", "bb1:41b.j", "magenta", [ "h-76.65", "v172.8", "h-259.2" ] ],
    [ "esp:26", "bb1:17b.j", "orange", [ "h-38.25", "v211.2", "h-528" ] ],
    [ "esp:GND.2", "bb1:tn.14", "black", [ "h9.6", "v-48", "h-661.6" ] ],
    [ "btn2:1.l", "bb1:tn.15", "green", [ "v0" ] ],
    [ "btn4:1.l", "bb1:tn.35", "green", [ "v0" ] ],
    [ "btn3:1.l", "bb1:tn.44", "green", [ "v0" ] ],
    [ "btn5:1.l", "bb1:tn.3", "green", [ "v0" ] ],
    [ "esp:GND.2", "bz1:1", "black", [ "h9.6", "v-48", "h67.2", "v211.2" ] ],
    [ "bz1:2", "r5:2", "green", [ "v0" ] ],
    [ "esp:5", "r5:1", "green", [ "h67.2", "v96" ] ],
    [ "btn1:1.l", "bb1:tn.24", "green", [ "v0" ] ],
    [ "esp:27", "bb1:28b.j", "yellow", [ "h-57.45", "v192", "h-403.2" ] ],
    [ "esp:25", "bb1:3b.j", "purple", [ "h-19.05", "v230.4", "h-681.6" ] ],
    [ "esp:12", "bb1:52b.j", "green", [ "h-95.85", "v153.6", "h-134.4" ] ],
    [ "esp:3V3", "bb1:bp.50", "red", [ "h-115.05", "v249.6" ] ],
    [ "r1:1", "bb1:bp.6", "green", [ "v0" ] ],
    [ "r2:1", "bb1:bp.18", "green", [ "v0" ] ],
    [ "r3:1", "bb1:bp.27", "green", [ "v0" ] ],
    [ "r4:1", "bb1:bp.38", "green", [ "v38.4", "h9.6" ] ],
    [ "r6:1", "bb1:bp.47", "green", [ "v38.4" ] ],
    [ "esp:2", "r7:1", "green", [ "h48", "v48" ] ],
    [ "r7:2", "led1:A", "green", [ "v0", "h18" ] ],
    [ "esp:GND.1", "led2:C", "black", [ "h-9.45", "v182.4" ] ],
    [ "led2:A", "r8:2", "green", [ "v0" ] ],
    [ "esp:17", "r8:1", "purple", [ "h28.8", "v220.8", "h38.4" ] ],
    [ "servo1:PWM", "esp:13", "green", [ "v115.2", "h192.2", "v86.4" ] ],
    [ "servo1:V+", "esp:3V3", "green", [ "v0" ] ],
    [ "servo1:GND", "esp:GND.2", "black", [ "v28.8", "h384", "v38.4" ] ],
    [ "ldr1:VCC", "esp:3V3", "red", [ "v76.8", "h153.6" ] ],
    [ "ldr1:GND", "esp:GND.2", "black", [ "v19.2", "h269.2", "v9.6" ] ],
    [ "ldr1:AO", "esp:34", "green", [ "v0" ] ],
    [ "btn1:1.l", "bb1:30t.b", "", [ "$bb" ] ],
    [ "btn1:2.l", "bb1:28t.b", "", [ "$bb" ] ],
    [ "btn1:1.r", "bb1:30b.g", "", [ "$bb" ] ],
    [ "btn1:2.r", "bb1:28b.g", "", [ "$bb" ] ],
    [ "btn2:1.l", "bb1:19t.b", "", [ "$bb" ] ],
    [ "btn2:2.l", "bb1:17t.b", "", [ "$bb" ] ],
    [ "btn2:1.r", "bb1:19b.g", "", [ "$bb" ] ],
    [ "btn2:2.r", "bb1:17b.g", "", [ "$bb" ] ],
    [ "btn4:1.l", "bb1:43t.b", "", [ "$bb" ] ],
    [ "btn4:2.l", "bb1:41t.b", "", [ "$bb" ] ],
    [ "btn4:1.r", "bb1:43b.g", "", [ "$bb" ] ],
    [ "btn4:2.r", "bb1:41b.g", "", [ "$bb" ] ],
    [ "btn3:1.l", "bb1:54t.b", "", [ "$bb" ] ],
    [ "btn3:2.l", "bb1:52t.b", "", [ "$bb" ] ],
    [ "btn3:1.r", "bb1:54b.g", "", [ "$bb" ] ],
    [ "btn3:2.r", "bb1:52b.g", "", [ "$bb" ] ],
    [ "btn5:1.l", "bb1:5t.b", "", [ "$bb" ] ],
    [ "btn5:2.l", "bb1:3t.b", "", [ "$bb" ] ],
    [ "btn5:1.r", "bb1:5b.g", "", [ "$bb" ] ],
    [ "btn5:2.r", "bb1:3b.g", "", [ "$bb" ] ],
    [ "r1:1", "bb1:9b.i", "", [ "$bb" ] ],
    [ "r1:2", "bb1:3b.i", "", [ "$bb" ] ],
    [ "r2:1", "bb1:23b.i", "", [ "$bb" ] ],
    [ "r2:2", "bb1:17b.i", "", [ "$bb" ] ],
    [ "r3:1", "bb1:34b.i", "", [ "$bb" ] ],
    [ "r3:2", "bb1:28b.i", "", [ "$bb" ] ],
    [ "r4:1", "bb1:47b.i", "", [ "$bb" ] ],
    [ "r4:2", "bb1:41b.i", "", [ "$bb" ] ],
    [ "r6:1", "bb1:58b.i", "", [ "$bb" ] ],
    [ "r6:2", "bb1:52b.i", "", [ "$bb" ] ]
  ],
  "dependencies": {}
}